{"allTextPanels":[],"allImgPanels":[],"allLogos":[{"m_addonSerializedTransform":{"_position":[0.24907641112804414,0.3944772779941559,1.0544482469558716],"_rotation":[1.0,0.0,0.0,0.0],"_scale":[1.0,1.0,1.0]}},{"m_addonSerializedTransform":{"_position":[0.0,0.0,1.0],"_rotation":[1.0,0.0,0.0,0.0],"_scale":[1.0,1.0,1.0]}}]}
