{"allTextPanels":[],"allImgPanels":[{"m_Title":"Image Title","m_img":{"instanceID":-336558},"m_addonSerializedTransform":{"_position":[-0.4445021450519562,0.22671352326869965,0.989599883556366],"_rotation":[0.977918803691864,0.0,-0.20898544788360597,0.0],"_scale":[1.0,1.0,1.0]}}]}